name,platform,handle_or_url,instagram,tier,home_rivers,already_featured,specific_line,status,contacted_on,followed_up_on,code,code_sent_on,redeemed,feedback_summary,posted,notes
colby_rogers,youtube,https://www.youtube.com/@colby_rogers,colegoesfree,,,,,to_research,,,,,,,,from clipengine-local/channels.json
OzarkMediaCo,youtube,https://www.youtube.com/@OzarkMediaCo,ozarkmediaco,,,,,to_research,,,,,,,,from clipengine-local/channels.json
AVAJourneys,youtube,https://www.youtube.com/@AVAJourneys,avajourneys,,,,,to_research,,,,,,,,from clipengine-local/channels.json
AROwnBackyard,youtube,https://www.youtube.com/@AROwnBackyard,,,,,,to_research,,,,,,,,from clipengine-local/channels.json
GatewayExplorer,youtube,https://www.youtube.com/@GatewayExplorer,,,,,,to_research,,,,,,,,from clipengine-local/channels.json
travelooo,youtube,https://www.youtube.com/@travelooo,,C,,,,skip,,,,,,,,from clipengine-local/channels.json
billaroundtheglobe,youtube,https://www.youtube.com/@billaroundtheglobe,,C,,,,skip,,,,,,,,from clipengine-local/channels.json
MarksofCuriosity,youtube,https://www.youtube.com/@MarksofCuriosity,marksofcuriosity,,,,,to_research,,,,,,,,from clipengine-local/channels.json
SoloSchmitty,youtube,https://www.youtube.com/@SoloSchmitty,soloschmitty,,,,,to_research,,,,,,,,from clipengine-local/channels.json
mav,youtube,https://www.youtube.com/@mav,mavrikjoos,C,,,,skip,,,,,,,,from clipengine-local/channels.json
YodaKitchenandAdventures,youtube,https://www.youtube.com/@YodaKitchenandAdventures,,,,,,to_research,,,,,,,,from clipengine-local/channels.json
FDAdventure,youtube,https://www.youtube.com/@FDAdventure,,,,,,to_research,,,,,,,,from clipengine-local/channels.json
HeadwatersKayak,youtube,https://www.youtube.com/@HeadwatersKayak,headwatersk,,,,,to_research,,,,,,,,from clipengine-local/channels.json
GatewoodBrown,youtube,https://www.youtube.com/@GatewoodBrown,gatewoodbrown,,,,,to_research,,,,,,,,from clipengine-local/channels.json
GirlOutdoors,youtube,https://www.youtube.com/@GirlOutdoors,girloutdoors.becky,,,,,to_research,,,,,,,,from clipengine-local/channels.json
Redkayaklady,youtube,https://www.youtube.com/@Redkayaklady,,,,,,to_research,,,,,,,,from clipengine-local/channels.json
KayakSessionTV,youtube,https://www.youtube.com/@KayakSessionTV,kayaksessionmag,C,,,,skip,,,,,,,,from clipengine-local/channels.json
midwestkayakco,youtube,https://www.youtube.com/@midwestkayakco,,,,,,to_research,,,,,,,,from clipengine-local/channels.json
MissouriRiverRelief,youtube,https://www.youtube.com/@MissouriRiverRelief,,,,,,to_research,,,,,,,,from clipengine-local/channels.json
CodyandKellie,youtube,https://www.youtube.com/@CodyandKellie,,,,,,to_research,,,,,,,,from clipengine-local/channels.json
AdventureChasing,youtube,https://www.youtube.com/@AdventureChasing,,,,,,to_research,,,,,,,,from clipengine-local/channels.json
therealjoerobinet,youtube,https://www.youtube.com/@therealjoerobinet,,,,,,to_research,,,,,,,,from clipengine-local/channels.json
PaddleTV,youtube,https://www.youtube.com/@PaddleTV,,C,,,,skip,,,,,,,,from clipengine-local/channels.json
KayakHipster,youtube,https://www.youtube.com/@KayakHipster,,,,,,to_research,,,,,,,,from clipengine-local/channels.json
ShowMeCreeks,youtube,https://www.youtube.com/@ShowMeCreeks,showmecreeks,,,,,to_research,,,,,,,,from clipengine-local/channels.json
joshuamcconkeyfishing,youtube,https://www.youtube.com/@joshuamcconkeyfishing,,,,,,to_research,,,,,,,,from clipengine-local/channels.json
warrenwilderness,youtube,https://www.youtube.com/@warrenwilderness,,,,,,to_research,,,,,,,,from clipengine-local/channels.json
experiencetheozarks,youtube,https://www.youtube.com/@experiencetheozarks,,,,,,to_research,,,,,,,,from clipengine-local/channels.json
floatingwithkcmike,youtube,https://www.youtube.com/@floatingwithkcmike,,,,,,to_research,,,,,,,,from clipengine-local/channels.json
zeckoutdoors,youtube,https://www.youtube.com/@zeckoutdoors,,,,,,to_research,,,,,,,,from clipengine-local/channels.json
serrasolsesmedia,youtube,https://www.youtube.com/@serrasolsesmedia,,,,,,skip,,,,,,,,ClipEngine flood_only channel: skip unless back catalog shows normal floats
toekneegreen37,youtube,https://www.youtube.com/@toekneegreen37,,,,,,skip,,,,,,,,ClipEngine flood_only channel: skip unless back catalog shows normal floats
carsonlindsay6317,youtube,https://www.youtube.com/@carsonlindsay6317,,,,,,skip,,,,,,,,ClipEngine flood_only channel: skip unless back catalog shows normal floats
brennoprakken,youtube,https://www.youtube.com/@brennoprakken,,,,,,skip,,,,,,,,ClipEngine flood_only channel: skip unless back catalog shows normal floats
alexbarham,youtube,https://www.youtube.com/@alexbarham,,,,,,skip,,,,,,,,ClipEngine flood_only channel: skip unless back catalog shows normal floats
goettingproductions,youtube,https://www.youtube.com/@goettingproductions,,,,,,skip,,,,,,,,ClipEngine flood_only channel: skip unless back catalog shows normal floats
whitewaterjazz,youtube,https://www.youtube.com/@whitewaterjazz,,,,,,skip,,,,,,,,ClipEngine flood_only channel: skip unless back catalog shows normal floats
paulgamache,youtube,https://www.youtube.com/@paulgamache,,,,,,skip,,,,,,,,ClipEngine flood_only channel: skip unless back catalog shows normal floats
