name,type,river_slugs,slug,status,phone,phone_toll_free,email,website,address_line1,city,state,zip,latitude,longitude,description,alt_names,services_offered,managing_agency,nps_authorized,cabin_count,season_open_month,season_close_month,seasonal_notes,verified_source,source_checked_at
Buffalo Outdoor Center,outfitter,buffalo,buffalo-outdoor-center,active,870-861-5514,800-221-5514,,https://www.buffaloriver.com,4699 AR 43 Hwy,Ponca,AR,72670,36.022746,-93.363176,"NPS-authorized concessioner for the upper river at Ponca, running canoe trips and shuttles alongside cabins, the Ponca Creek and RiverWind lodges, the Dark Sky Resort RV park, a store and deli, and zipline tours.",BOC,canoe_rental|shuttle|cabins|lodge_rooms|camping_rv|general_store|food_service,,true,,,,,"https://www.nps.gov/buff/rentals-and-other-services.htm, https://www.buffaloriver.com",2026-08-24
Buffalo Camping & Canoeing,outfitter,buffalo,buffalo-camping-canoeing,active,870-439-2888,,,https://www.gilbertstore.com,1 Frost Street,Gilbert,AR,72636,35.989136,-92.715721,"One of the oldest concessioners on the Buffalo, based at the Gilbert General Store. Canoes, kayaks and rafts with private shuttles, plus cabins, cottages and guest homes, and tent and RV camping within walking distance of the river.",Gilbert General Store,canoe_rental|kayak_rental|raft_rental|shuttle|cabins|camping_primitive|camping_rv|general_store,,true,,,,,"https://www.nps.gov/buff/rentals-and-other-services.htm, https://www.gilbertstore.com",2026-08-24
Buffalo River Outfitters,outfitter,buffalo,buffalo-river-outfitters,active,870-439-2200,800-582-2244,info@buffaloriveroutfitters.com,https://www.buffaloriveroutfitters.com,9664 N Hwy 65,St. Joe,AR,72675,35.966716,-92.746251,"NPS-authorized middle-river concessioner on US 65 at Silver Hill, offering rafts, kayaks and canoes with shuttle service, cabins, and a store.",,canoe_rental|kayak_rental|raft_rental|shuttle|cabins|general_store,,true,,,,,"https://www.nps.gov/buff/rentals-and-other-services.htm, https://www.buffaloriveroutfitters.com/contact",2026-08-24
Dirst Canoe Rental,outfitter,buffalo,dirst-canoe-rental,active,870-449-6636,800-537-2850,,https://www.dirstcanoerental.com,558 Hwy 268 E,Yellville,AR,72687,36.080227,-92.597693,"NPS-authorized concessioner running day trips on the lower Buffalo, with log cabin lodging — the Elk, Fish and Bear cabins plus the Summer Lodge.",Dirst Canoe Rental & Log Cabins,canoe_rental|shuttle|cabins|lodge_rooms,,true,3,,,,"https://www.nps.gov/buff/rentals-and-other-services.htm, https://www.dirstcanoerental.com",2026-08-24
Silver Hill Float Service,outfitter,buffalo,silver-hill-float-service,active,870-504-2038,,info@silverhillcanoe.com,https://www.silverhillfloatservice.com,9826 US-65,St. Joe,AR,72675,35.968780,-92.746649,"NPS-authorized concessioner on US 65 at Silver Hill, renting canoes and kayaks with shuttle service on the lower river.",,canoe_rental|kayak_rental|shuttle,,true,,,,,"https://www.nps.gov/buff/rentals-and-other-services.htm, https://www.silverhillfloatservice.com",2026-08-24
Riverview Motel & Canoe,outfitter,buffalo,riverview-motel-canoe,active,870-446-2616,,riverviewmotel@hotmail.com,https://www.floatriverview.com,304 East Court Street,Jasper,AR,72641,36.009095,-93.184878,"Family-run NPS-authorized concessioner on the Little Buffalo in Jasper, offering one-day and multi-day canoe and kayak trips with shuttle service.",Riverview Motel and Canoe Rental,canoe_rental|kayak_rental|shuttle,,true,,,,"The motel is closed as of August 2026; the operator's site states canoe and kayak reservations are still being accepted.","https://www.nps.gov/buff/rentals-and-other-services.htm, https://www.floatriverview.com",2026-08-24
Buffalo Point Concession,cabin_lodge,buffalo,buffalo-point-concession,active,870-449-6206,,,https://buffalopoint.lodgify.com,2261 Hwy 268 E,Yellville,AR,72687,36.080679,-92.572225,"The park's own lodging at Buffalo Point: rustic cabins and a four-unit lodge built by the CCC around 1939, plus modern duplex cabins. Reservations open up to 18 months ahead.",Buffalo Point Cabins,cabins|lodge_rooms,NPS,true,,3,11,"Rustic CCC cabins run March 1 to November 22; the modern duplex cabins and the four-unit lodge are open year-round.","https://www.nps.gov/buff/planyourvisit/lodging.htm",2026-08-24
Buffalo River Float Service,outfitter,buffalo,buffalo-river-float-service,active,870-449-2042,877-350-6592,info@buffaloriverfloatservice.com,https://buffaloriverfloatservice.com,11637 Hwy 14 South,Yellville,AR,72687,,,"NPS-authorized lower-river concessioner renting canoes, kayaks, rafts and tubes with shuttles, and running guided fishing trips and scenic tours.",,canoe_rental|kayak_rental|raft_rental|tube_rental|shuttle|fishing_supplies,,true,,,,,"https://www.nps.gov/buff/rentals-and-other-services.htm, https://buffaloriverfloatservice.com",2026-08-24
Wild Bill's Outfitter,outfitter,buffalo,wild-bills-outfitter,active,870-449-6235,800-554-8657,wildbill@yellville.net,https://www.wildbillsoutfitter.com,23 Hwy 268 E,Yellville,AR,72687,,,"NPS-authorized lower-river concessioner renting canoes, kayaks, rafts and jon boats for trips from three hours to several days, with rustic cabins sleeping 2-10 and guided fishing on the Buffalo, Crooked Creek and the White.",,canoe_rental|kayak_rental|raft_rental|jon_boat_rental|shuttle|cabins|general_store|fishing_supplies,,true,,,,,"https://www.nps.gov/buff/rentals-and-other-services.htm, https://www.wildbillsoutfitter.com",2026-08-24
