"slug","name","type","river_slugs","website","phone","reservation_url","verified_source","source_checked_at","field_sources"
"4j-vacation-rentals","4J Vacation Rentals","cabin_lodge","meramec|huzzah","https://4jvacationrentals.com/contact/","573-205-9032","","https://4jvacationrentals.com/contact/","2026-10-02","website=https://4jvacationrentals.com/contact/;phone=https://4jvacationrentals.com/contact/"
"driftwood-vacation-rentals","Driftwood Vacation Rentals","cabin_lodge","meramec","https://www.driftwoodvacationrentals.com/","573-205-1961","","https://www.driftwoodvacationrentals.com/","2026-10-02","website=https://www.driftwoodvacationrentals.com/;phone=https://www.driftwoodvacationrentals.com/"
"indian-springs-resort","Indian Springs Family Resort","outfitter","meramec","https://indianspringsfamilyresort.com/","573-775-2266","","https://indianspringsfamilyresort.com/","2026-10-02","website=https://indianspringsfamilyresort.com/;phone=https://indianspringsfamilyresort.com/"
"kickn-k-farmhouse","Kick'n K Farmhouse","cabin_lodge","meramec","https://www.kicknk.com/Accommodations/","573-259-5597","","https://www.kicknk.com/Accommodations/","2026-10-02","website=https://www.kicknk.com/Accommodations/;phone=https://www.kicknk.com/Accommodations/"
"meramec-park-concessions","Meramec Park Concessions","outfitter","meramec","https://www.meramecpark.com/river-float-trips/canoes-kayaks-and-rafts/","573-468-6519","","https://www.meramecpark.com/river-float-trips/canoes-kayaks-and-rafts/","2026-10-02","website=https://www.meramecpark.com/river-float-trips/canoes-kayaks-and-rafts/;phone=https://www.meramecpark.com/river-float-trips/canoes-kayaks-and-rafts/"
"patrick-bridge-campground","Patrick Bridge Campground","campground","north-fork-white","https://mdc.mo.gov/discover-nature/places/patrick-bridge-access","417-746-0291","","https://mdc.mo.gov/discover-nature/places/patrick-bridge-access","2026-10-02","website=https://mdc.mo.gov/discover-nature/places/patrick-bridge-access;phone=https://mdc.mo.gov/discover-nature/places/patrick-bridge-access"
"river-ridge-cabins","River Ridge Cabins","cabin_lodge","current","https://www.riverridgecabins.com/contact-us","573-840-0360","","https://www.riverridgecabins.com/contact-us","2026-10-02","website=https://www.riverridgecabins.com/contact-us;phone=https://www.riverridgecabins.com/contact-us"
"rivertime-rv","RiverTime RV","campground","current|jacks-fork","https://rivertimerv.com/contacts/","417-372-7301","","https://rivertimerv.com/contacts/","2026-10-02","website=https://rivertimerv.com/contacts/;phone=https://rivertimerv.com/contacts/"
"shady-lane-cabins","Shady Lane Cabins","cabin_lodge","jacks-fork|current","","573-226-3893","https://www.book-it-now.com/shadylanecabins/","https://www.book-it-now.com/shadylanecabins/","2026-10-02","phone=https://www.book-it-now.com/shadylanecabins/;reservation_url=https://www.book-it-now.com/shadylanecabins/"
"shawnee-creek-cottages","Shawnee Creek Cottages","cabin_lodge","jacks-fork","https://shawneecottages.com/","573-226-5295","","https://shawneecottages.com/","2026-10-02","website=https://shawneecottages.com/;phone=https://shawneecottages.com/"
"storys-creek-campground","Story's Creek Campground","campground","jacks-fork","https://storyscreekcampground.com/","573-276-8881","","https://storyscreekcampground.com/","2026-10-02","website=https://storyscreekcampground.com/;phone=https://storyscreekcampground.com/"
"the-rafting-company","The Rafting Company","outfitter","meramec|huzzah","https://www.theraftingco.com/Floating.html","800-426-7238","","https://www.theraftingco.com/Floating.html","2026-10-02","website=https://www.theraftingco.com/Floating.html;phone=https://www.theraftingco.com/Floating.html"
"war-eagle-creek-retreat-cabin-on-the-creek","War Eagle Creek Retreat - Cabin on the Creek","cabin_lodge","war-eagle-creek","https://www.vrbo.com/en-gb/p3938780vb","","https://www.vrbo.com/en-gb/p3938780vb","https://www.vrbo.com/en-gb/p3938780vb","2026-10-02","website=https://www.vrbo.com/en-gb/p3938780vb;reservation_url=https://www.vrbo.com/en-gb/p3938780vb"

