slug,name,type,river_slugs,city,state,phone,website,reservation_url,booking_platform,address_line1,zip,managing_agency,description,services_offered,seasonal_notes,season_open_month,season_close_month,alt_names,verified_source,source_checked_at,latitude,longitude,geocode_precision,geocode_source,geocoded_at,field_sources
elk-river-floats,Elk River Floats & Wayside Campground,outfitter,elk,Noel,MO,417-475-3230,https://www.elkriverfloats.com,https://www.elkriverfloats.com/camping/,FareHarbor,201 Minnow Springs Ave,64854,,"Elk River Floats location at Wayside in Noel, with riverside tent and RV camping. Cabins and vacation rentals are offsite.",camping_primitive|camping_rv,,,,Elk River Floats|Wayside Campground,https://waysidecamp.com/,2026-10-04,36.550076,-94.49575,approximate,operator_website_schema_geo_business_location_not_launch,2026-10-04T00:00:00Z,phone=https://www.elkriverfloats.com/contact/;reservation_url=https://www.elkriverfloats.com/camping/;booking_platform=https://www.elkriverfloats.com/camping/
kozy-kamp-elk-river-floats,Kozy Kamp (Elk River Floats),campground,elk,Pineville,MO,417-223-4586,https://kozykamp.com,,,,,,"Pineville campground with primitive and electric tent sites, RV hookups and camping huts. Cabins and vacation rentals are offsite.",,,,,,https://kozykamp.com/,2026-10-04,,,,,,phone=https://kozykamp.com/
eagles-nest-camp-canoe,Eagles Nest Camp & Canoe,campground,elk,Noel,MO,417-475-3326,https://eaglesnestcampcanoe.com,,,,,,Elk River Floats family campground in the Noel area with tent camping and RV hookup sites.,camping_rv,,,,,https://eaglesnestcampcanoe.com/,2026-10-04,,,,,,services_offered=https://www.elkriverfloats.com/camping/
river-ranch-resort,River Ranch Resort,outfitter,elk,Noel,MO,417-475-6121,https://riverranchresort.com,https://reservations.riverranchresort.com/,,,,,"Noel outfitter with tent and RV camping, cabins and glamping. Sycamore Landing is its separate nearby campground.",,,,,,https://riverranchresort.com/,2026-10-04,,,,,,reservation_url=https://riverranchresort.com/
shady-beach-campground,Shady Beach Campground,campground,elk,Noel,MO,417-475-6483,https://www.shadybeach.com,,,,,,"Noel campground and outfitter with tent and RV camping, cabins, boat rentals and shuttles.",camping_rv|shuttle,A float booking is required to camp from Memorial Day through Labor Day.,,,,https://www.shadybeach.com/,2026-10-04,,,,,,"services_offered=https://www.shadybeach.com/lodging/rv-pop-up-sites/ , https://www.shadybeach.com/river-floats/pineville-to-shady-beach-8-mile-float/"
big-elk-floats-and-camping,Big Elk Floats and Camping,outfitter,elk,Pineville,MO,417-355-6037,https://bigelkfloatsandcamping.com,,,,,,"Pineville outfitter on the south side of the Elk River bridge, offering boat rentals, tent camping and cabins.",,Camping is offered March through October; offseason hours vary.,3,10,,https://bigelkfloatsandcamping.com/,2026-10-04,,,,,,
two-sons-floats-camping,Two Sons Floats & Camping,campground,elk,Noel,MO,417-475-4774,https://twosonsfloats.com,,,,,,,shuttle,Open May through September.,5,9,,https://twosonsfloats.com/,2026-10-04,,,,,,"services_offered=https://twosonsfloats.com/floating/;seasonal_notes=https://twosonsfloats.com/ , https://twosonsfloats.com/floating/"
trestle-park-elk-river-campground,Trestle Park / Elk River Campground,campground,elk,Noel,MO,417-475-3561,https://trestlepark.com/,https://www.elkriverfloats.com/camping/,FareHarbor,435 Elk Springs Road,64854,Private,"Elk River campground in Ginger Blue with primitive and electric tent sites, RV sites, cabins and showers. Private river-access passes are offered.",camping_primitive|camping_rv|cabins|showers|picnic_tables,,,,Elk River Campground|Elk River Floats & Trestle Park,https://trestlepark.com/,2026-10-04,36.588801,-94.45808,approximate,operator_website_schema_geo_business_location_not_launch,2026-10-04T00:00:00Z,services_offered=https://trestlepark.com/rates;reservation_url=https://www.elkriverfloats.com/camping/;booking_platform=https://www.elkriverfloats.com/camping/
sycamore-landing-river-ranch,Sycamore Landing (River Ranch Resort),campground,elk,Noel,MO,417-475-6121,https://riverranchresort.com/lodging/camping/sycamore-landing/,https://reservations.riverranchresort.com/,,,,Private,"River Ranch Resort campground on an island near the main Noel property, with tent camping, an RV area, restrooms and showers.",camping_primitive|camping_rv|showers|picnic_tables|fire_rings,,,,,https://riverranchresort.com/lodging/camping/sycamore-landing/,2026-10-04,36.552426,-94.485514,approximate,campendium_campground_pin_corroborated_by_operator_map,2026-10-04T00:00:00Z,"latitude=https://maps.campendium.com/us/noel-mo/camping-rv/river-ranch-resort-sycamore-landing-noel-mo--0;longitude=https://maps.campendium.com/us/noel-mo/camping-rv/river-ranch-resort-sycamore-landing-noel-mo--0;geocode_source=https://riverranchresort.com/plan-your-trip/maps/sycamore-landing-map/;services_offered=https://riverranchresort.com/plan-your-trip/maps/sycamore-landing-map/ , https://riverranchresort.com/lodging/camping/sycamore-landing/"
the-spot-lower-elk-river-adventures,The Spot / Lower Elk River Adventures,campground,elk,Noel,MO,417-455-4801,https://lowerelkriveradventures.com/,,,138 Golf Course Dr,64854,Private,"Lower Elk campground offering tent and full-hookup RV camping, cabins, canoe and kayak rentals, personal-boat shuttles and paid launch access.",camping_primitive|camping_rv|cabins|canoe_rental|kayak_rental|shuttle,Open year-round; contact the campground for reservations.,1,12,Lower Elk River Adventures|The Spot on Elk River,https://lowerelkriveradventures.com/,2026-10-04,36.554243,-94.498753,approximate,operator_website_schema_geo_business_location_not_launch,2026-10-04T00:00:00Z,
